INSERT INTO user_type (id, description) VALUES (1, 'Consultant');
INSERT INTO user_type (id, description) VALUES (2, 'Ressources Humaines');
INSERT INTO user_type (id, description) VALUES (3, 'Direction');
INSERT INTO user_type (id, description) VALUES (4, 'Commercial');

INSERT INTO request_type (id, description) VALUES (1, 'Congé payé');
INSERT INTO request_type (id, description) VALUES (2, 'Congé par anticipation');
INSERT INTO request_type (id, description) VALUES (3, 'Congé exceptionnel');
INSERT INTO request_type (id, description) VALUES (4, 'RTT Collaborateur');
INSERT INTO request_type (id, description) VALUES (5, 'RTT Employeur');
INSERT INTO request_type (id, description) VALUES (6, 'Récupération');
INSERT INTO request_type (id, description) VALUES (7, 'Repos compensateur');
INSERT INTO request_type (id, description) VALUES (8, 'Congé sans solde');

INSERT INTO users (id, active, admin, full_name, email, password, user_type_id) VALUES (1, true, true, 'Kristina CHUNG', 'kristina.chung@company.com', 'password', 1);
INSERT INTO users (id, active, admin, full_name, email, password, user_type_id) VALUES (2, true, false, 'Paige CHEN', 'paige.chen@company.com', 'password', 1);
INSERT INTO users (id, active, admin, full_name, email, password, user_type_id) VALUES (3, true, false, 'Sherri MELTON', 'sherri.melton@company.com', 'password', 1);
INSERT INTO users (id, active, admin, full_name, email, password, user_type_id) VALUES (4, true, false, 'Gretchen HILL', 'gretchen.hill@company.com', 'password', 1);
INSERT INTO users (id, active, admin, full_name, email, password, user_type_id) VALUES (5, true, false, 'Karen PUCKETT', 'karen.puckett@company.com', 'password', 1);
INSERT INTO users (id, active, admin, full_name, email, password, user_type_id) VALUES (6, true, false, 'Patrick SONG', 'patrick.song@company.com', 'password', 1);
INSERT INTO users (id, active, admin, full_name, email, password, user_type_id) VALUES (7, true, false, 'Elsie HAMILTON', 'elsie.hamilton@company.com', 'password', 1);
INSERT INTO users (id, active, admin, full_name, email, password, user_type_id) VALUES (8, true, false, 'Hazel BENDER', 'hazel.bender@company.com', 'password', 1);
INSERT INTO users (id, active, admin, full_name, email, password, user_type_id) VALUES (9, true, false, 'Malcolm WAGNER', 'malcolm.wagner@company.com', 'password', 1);
INSERT INTO users (id, active, admin, full_name, email, password, user_type_id) VALUES (10, true, false, 'Dolores MCLAUGHLIN', 'dolores.mclaughlin@company.com', 'password', 1);
INSERT INTO users (id, active, admin, full_name, email, password, user_type_id) VALUES (11, true, false, 'Francis MCNAMARA', 'francis.mcnamara@company.com', 'password', 1);
INSERT INTO users (id, active, admin, full_name, email, password, user_type_id) VALUES (12, true, false, 'Sandy RAYNOR', 'sandy.raynor@company.com', 'password', 1);
INSERT INTO users (id, active, admin, full_name, email, password, user_type_id) VALUES (13, true, false, 'Marion MOON', 'marion.moon@company.com', 'password', 1);
INSERT INTO users (id, active, admin, full_name, email, password, user_type_id) VALUES (14, true, false, 'Beth WOODARD', 'beth.woodard@company.com', 'password', 1);
INSERT INTO users (id, active, admin, full_name, email, password, user_type_id) VALUES (15, true, false, 'Julia DESAI', 'julia.desai@company.com', 'password', 1);
INSERT INTO users (id, active, admin, full_name, email, password, user_type_id) VALUES (16, true, false, 'Jerome WALLACE', 'jerome.wallace@company.com', 'password', 1);
INSERT INTO users (id, active, admin, full_name, email, password, user_type_id) VALUES (17, true, false, 'Neal LAWRENCE', 'neal.lawrence@company.com', 'password', 1);
INSERT INTO users (id, active, admin, full_name, email, password, user_type_id) VALUES (18, true, false, 'Jean GRIFFIN', 'jean.griffin@company.com', 'password', 1);
INSERT INTO users (id, active, admin, full_name, email, password, user_type_id) VALUES (19, true, false, 'Kristine DOUGHERTY', 'kristine.dougherty@company.com', 'password', 1);
INSERT INTO users (id, active, admin, full_name, email, password, user_type_id) VALUES (20, true, false, 'Crystal POWERS', 'crystal.powers@company.com', 'password', 1);
INSERT INTO users (id, active, admin, full_name, email, password, user_type_id) VALUES (21, true, false, 'Alex MAY', 'alex.may@company.com', 'password', 1);
INSERT INTO users (id, active, admin, full_name, email, password, user_type_id) VALUES (22, true, false, 'Eric STEELE', 'eric.steele@company.com', 'password', 1);
INSERT INTO users (id, active, admin, full_name, email, password, user_type_id) VALUES (23, true, false, 'Wesley TEAGUE', 'wesley.teague@company.com', 'password', 1);
INSERT INTO users (id, active, admin, full_name, email, password, user_type_id) VALUES (24, true, false, 'Franklin VICK', 'franklin.vick@company.com', 'password', 1);
INSERT INTO users (id, active, admin, full_name, email, password, user_type_id) VALUES (25, true, false, 'Claire GALLAGHER', 'claire.gallagher@company.com', 'password', 1);
INSERT INTO users (id, active, admin, full_name, email, password, user_type_id) VALUES (26, true, false, 'Marian SOLOMON', 'marian.solomon@company.com', 'password', 1);
INSERT INTO users (id, active, admin, full_name, email, password, user_type_id) VALUES (27, true, false, 'Marcia WALSH', 'marcia.walsh@company.com', 'password', 1);
INSERT INTO users (id, active, admin, full_name, email, password, user_type_id) VALUES (28, true, false, 'Dwight MONROE', 'dwight.monroe@company.com', 'password', 1);
INSERT INTO users (id, active, admin, full_name, email, password, user_type_id) VALUES (29, true, false, 'Wayne CONNOLLY', 'wayne.connolly@company.com', 'password', 1);
INSERT INTO users (id, active, admin, full_name, email, password, user_type_id) VALUES (30, true, false, 'Stephanie HAWKINS', 'stephanie.hawkins@company.com', 'password', 1);
INSERT INTO users (id, active, admin, full_name, email, password, user_type_id) VALUES (31, true, false, 'Neal MIDDLETON', 'neal.middleton@company.com', 'password', 1);
INSERT INTO users (id, active, admin, full_name, email, password, user_type_id) VALUES (32, true, false, 'Gretchen GOLDSTEIN', 'gretchen.goldstein@company.com', 'password', 1);
INSERT INTO users (id, active, admin, full_name, email, password, user_type_id) VALUES (33, true, false, 'Tim WATTS', 'tim.watts@company.com', 'password', 1);
INSERT INTO users (id, active, admin, full_name, email, password, user_type_id) VALUES (34, true, false, 'Jerome JOHNSTON', 'jerome.johnston@company.com', 'password', 1);
INSERT INTO users (id, active, admin, full_name, email, password, user_type_id) VALUES (35, true, false, 'Shelley WEEKS', 'shelley.weeks@company.com', 'password', 1);
INSERT INTO users (id, active, admin, full_name, email, password, user_type_id) VALUES (36, true, false, 'Priscilla WILKERSON', 'priscilla.wilkerson@company.com', 'password', 1);
INSERT INTO users (id, active, admin, full_name, email, password, user_type_id) VALUES (37, true, false, 'Elsie BARTON', 'elsie.barton@company.com', 'password', 1);
INSERT INTO users (id, active, admin, full_name, email, password, user_type_id) VALUES (38, true, false, 'Beth WALTON', 'beth.walton@company.com', 'password', 1);
INSERT INTO users (id, active, admin, full_name, email, password, user_type_id) VALUES (39, true, false, 'Erica HALL', 'erica.hall@company.com', 'password', 1);
INSERT INTO users (id, active, admin, full_name, email, password, user_type_id) VALUES (40, true, false, 'Douglas ROSS', 'douglas.ross@company.com', 'password', 1);
INSERT INTO users (id, active, admin, full_name, email, password, user_type_id) VALUES (41, true, false, 'Donald CHUNG', 'donald.chung@company.com', 'password', 1);
INSERT INTO users (id, active, admin, full_name, email, password, user_type_id) VALUES (42, true, false, 'Katherine BENDER', 'katherine.bender@company.com', 'password', 1);
INSERT INTO users (id, active, admin, full_name, email, password, user_type_id) VALUES (43, true, false, 'Paul WOODS', 'paul.woods@company.com', 'password', 1);
INSERT INTO users (id, active, admin, full_name, email, password, user_type_id) VALUES (44, true, false, 'Patricia MANGUM', 'patricia.mangum@company.com', 'password', 1);
INSERT INTO users (id, active, admin, full_name, email, password, user_type_id) VALUES (45, true, false, 'Lois JOSEPH', 'lois.joseph@company.com', 'password', 1);
INSERT INTO users (id, active, admin, full_name, email, password, user_type_id) VALUES (46, true, false, 'Louis ROSENTHAL', 'louis.rosenthal@company.com', 'password', 1);
INSERT INTO users (id, active, admin, full_name, email, password, user_type_id) VALUES (47, true, false, 'Christina BOWDEN', 'christina.bowden@company.com', 'password', 1);
INSERT INTO users (id, active, admin, full_name, email, password, user_type_id) VALUES (48, true, false, 'Darlene BARTON', 'darlene.barton@company.com', 'password', 1);
INSERT INTO users (id, active, admin, full_name, email, password, user_type_id) VALUES (49, true, false, 'Harvey UNDERWOOD', 'harvey.underwood@company.com', 'password', 1);
INSERT INTO users (id, active, admin, full_name, email, password, user_type_id) VALUES (50, true, false, 'William JONES', 'william.jones@company.com', 'password', 1);
INSERT INTO users (id, active, admin, full_name, email, password, user_type_id) VALUES (51, true, false, 'Frederick BAKER', 'frederick.baker@company.com', 'password', 1);
INSERT INTO users (id, active, admin, full_name, email, password, user_type_id) VALUES (52, true, false, 'Shirley MERRITT', 'shirley.merritt@company.com', 'password', 1);
INSERT INTO users (id, active, admin, full_name, email, password, user_type_id) VALUES (53, true, false, 'Jason CROSS', 'jason.cross@company.com', 'password', 1);
INSERT INTO users (id, active, admin, full_name, email, password, user_type_id) VALUES (54, true, false, 'Judith COOPER', 'judith.cooper@company.com', 'password', 1);
INSERT INTO users (id, active, admin, full_name, email, password, user_type_id) VALUES (55, true, false, 'Gretchen HOLMES', 'gretchen.holmes@company.com', 'password', 1);
INSERT INTO users (id, active, admin, full_name, email, password, user_type_id) VALUES (56, true, false, 'Don SHARPE', 'don.sharpe@company.com', 'password', 1);
INSERT INTO users (id, active, admin, full_name, email, password, user_type_id) VALUES (57, true, false, 'Glenda MORGAN', 'glenda.morgan@company.com', 'password', 1);
INSERT INTO users (id, active, admin, full_name, email, password, user_type_id) VALUES (58, true, false, 'Scott HOYLE', 'scott.hoyle@company.com', 'password', 1);
INSERT INTO users (id, active, admin, full_name, email, password, user_type_id) VALUES (59, true, false, 'Pat ALLEN', 'pat.allen@company.com', 'password', 1);
INSERT INTO users (id, active, admin, full_name, email, password, user_type_id) VALUES (60, true, false, 'Michelle RICH', 'michelle.rich@company.com', 'password', 1);
INSERT INTO users (id, active, admin, full_name, email, password, user_type_id) VALUES (61, true, false, 'Jessica RICH', 'jessica.rich@company.com', 'password', 1);
INSERT INTO users (id, active, admin, full_name, email, password, user_type_id) VALUES (62, true, false, 'Evan GRANT', 'evan.grant@company.com', 'password', 1);
INSERT INTO users (id, active, admin, full_name, email, password, user_type_id) VALUES (63, true, false, 'Melinda PROCTOR', 'melinda.proctor@company.com', 'password', 1);
INSERT INTO users (id, active, admin, full_name, email, password, user_type_id) VALUES (64, false, false, 'Calvin DIAZ', 'calvin.diaz@company.com', 'password', 1);
INSERT INTO users (id, active, admin, full_name, email, password, user_type_id) VALUES (65, false, false, 'Eugene GRAHAM', 'eugene.graham@company.com', 'password', 1);
INSERT INTO users (id, active, admin, full_name, email, password, user_type_id) VALUES (66, false, false, 'Vickie WATKINS', 'vickie.watkins@company.com', 'password', 1);
INSERT INTO users (id, active, admin, full_name, email, password, user_type_id) VALUES (67, false, false, 'Luis HINTON', 'luis.hinton@company.com', 'password', 1);
INSERT INTO users (id, active, admin, full_name, email, password, user_type_id) VALUES (68, false, false, 'Allan MARSH', 'allan.marsh@company.com', 'password', 1);
INSERT INTO users (id, active, admin, full_name, email, password, user_type_id) VALUES (69, true, false, 'Melanie HEWITT', 'melanie.hewitt@company.com', 'password', 2);
INSERT INTO users (id, active, admin, full_name, email, password, user_type_id) VALUES (70, true, false, 'Marianne BRANCH', 'marianne.branch@company.com', 'password', 2);
INSERT INTO users (id, active, admin, full_name, email, password, user_type_id) VALUES (71, true, false, 'Natalie WALTON', 'natalie.walton@company.com', 'password', 2);
INSERT INTO users (id, active, admin, full_name, email, password, user_type_id) VALUES (72, true, false, 'Caroline O''BRIEN', 'caroline.o''brien@company.com', 'password', 2);
INSERT INTO users (id, active, admin, full_name, email, password, user_type_id) VALUES (73, true, true, 'Arlene CASE', 'arlene.case@company.com', 'password', 3);
INSERT INTO users (id, active, admin, full_name, email, password, user_type_id) VALUES (74, true, true, 'Kyle WATTS', 'kyle.watts@company.com', 'password', 3);
INSERT INTO users (id, active, admin, full_name, email, password, user_type_id) VALUES (75, true, true, 'Calvin CHRISTENSEN', 'calvin.christensen@company.com', 'password', 3);
INSERT INTO users (id, active, admin, full_name, email, password, user_type_id) VALUES (76, true, false, 'Gary PARKS', 'gary.parks@company.com', 'password', 3);
INSERT INTO users (id, active, admin, full_name, email, password, user_type_id) VALUES (77, true, false, 'Samantha HARDIN', 'samantha.hardin@company.com', 'password', 4);
INSERT INTO users (id, active, admin, full_name, email, password, user_type_id) VALUES (78, true, false, 'Sara LUCAS', 'sara.lucas@company.com', 'password', 4);
INSERT INTO users (id, active, admin, full_name, email, password, user_type_id) VALUES (79, true, false, 'Stacy EASON', 'stacy.eason@company.com', 'password', 4);
INSERT INTO users (id, active, admin, full_name, email, password, user_type_id) VALUES (80, true, false, 'Gladys DAVIDSON', 'gladys.davidson@company.com', 'password', 4);

INSERT INTO requests (id, from_date, to_date, ask_comment, answer_comment, request_type_id, status, user_id) VALUES (1, '2011-01-03', '2011-01-03', 'Petit jour de repos', '', '2', 'PENDING', 1);
INSERT INTO requests (id, from_date, to_date, ask_comment, answer_comment, request_type_id, status, user_id) VALUES (2, '2011-01-04', '2011-01-06', '', '', '5', 'PENDING', 2);
INSERT INTO requests (id, from_date, to_date, ask_comment, answer_comment, request_type_id, status, user_id) VALUES (3, '2011-01-05', '2011-02-14', 'Je pars en vacances.', '', '5', 'PENDING', 3);
INSERT INTO requests (id, from_date, to_date, ask_comment, answer_comment, request_type_id, status, user_id) VALUES (4, '2011-01-06', '2011-01-07', '', '', '7', 'PENDING', 4);
INSERT INTO requests (id, from_date, to_date, ask_comment, answer_comment, request_type_id, status, user_id) VALUES (5, '2011-01-07', '2011-01-10', '', '', '5', 'PENDING', 5);
INSERT INTO requests (id, from_date, to_date, ask_comment, answer_comment, request_type_id, status, user_id) VALUES (6, '2011-01-10', '2011-01-10', 'Petit jour de repos', 'Ok', '6', 'ACCEPTED', 6);
INSERT INTO requests (id, from_date, to_date, ask_comment, answer_comment, request_type_id, status, user_id) VALUES (7, '2011-02-11', '2011-02-15', '', 'Ok', '5', 'ACCEPTED', 8);
INSERT INTO requests (id, from_date, to_date, ask_comment, answer_comment, request_type_id, status, user_id) VALUES (8, '2011-02-14', '2011-03-21', 'Je pars en vacances.', 'C''est bon', '6', 'ACCEPTED', 9);
INSERT INTO requests (id, from_date, to_date, ask_comment, answer_comment, request_type_id, status, user_id) VALUES (9, '2011-02-15', '2011-02-16', '', 'Pas possible, demande faite trop tard', '7', 'REFUSED', 10);
INSERT INTO requests (id, from_date, to_date, ask_comment, answer_comment, request_type_id, status, user_id) VALUES (10, '2011-02-16', '2011-02-17', '', '', '1', 'PENDING', 11);
INSERT INTO requests (id, from_date, to_date, ask_comment, answer_comment, request_type_id, status, user_id) VALUES (11, '2011-02-17', '2011-02-17', 'Petit jour de repos', '', '4', 'PENDING', 12);
INSERT INTO requests (id, from_date, to_date, ask_comment, answer_comment, request_type_id, status, user_id) VALUES (12, '2011-02-18', '2011-03-22', '', '', '2', 'PENDING', 13);
INSERT INTO requests (id, from_date, to_date, ask_comment, answer_comment, request_type_id, status, user_id) VALUES (13, '2011-03-21', '2011-03-28', 'Je pars en vacances.', '', '5', 'PENDING', 15);
INSERT INTO requests (id, from_date, to_date, ask_comment, answer_comment, request_type_id, status, user_id) VALUES (14, '2011-03-22', '2011-03-23', '', '', '4', 'PENDING', 16);
INSERT INTO requests (id, from_date, to_date, ask_comment, answer_comment, request_type_id, status, user_id) VALUES (15, '2011-03-23', '2011-03-24', '', 'Ok', '4', 'ACCEPTED', 17);
INSERT INTO requests (id, from_date, to_date, ask_comment, answer_comment, request_type_id, status, user_id) VALUES (16, '2011-03-24', '2011-03-24', 'Petit jour de repos', 'Ok', '7', 'ACCEPTED', 18);
INSERT INTO requests (id, from_date, to_date, ask_comment, answer_comment, request_type_id, status, user_id) VALUES (17, '2011-03-25', '2011-03-29', '', 'C''est bon', '4', 'ACCEPTED', 19);
INSERT INTO requests (id, from_date, to_date, ask_comment, answer_comment, request_type_id, status, user_id) VALUES (18, '2011-03-28', '2011-04-05', 'Je pars en vacances.', 'Pas possible, demande faite trop tard', '2', 'REFUSED', 20);
INSERT INTO requests (id, from_date, to_date, ask_comment, answer_comment, request_type_id, status, user_id) VALUES (19, '2011-03-29', '2011-03-30', '', '', '4', 'PENDING', 21);
INSERT INTO requests (id, from_date, to_date, ask_comment, answer_comment, request_type_id, status, user_id) VALUES (20, '2011-03-30', '2011-04-01', '', '', '4', 'PENDING', 22);
INSERT INTO requests (id, from_date, to_date, ask_comment, answer_comment, request_type_id, status, user_id) VALUES (21, '2011-04-01', '2011-04-01', 'Petit jour de repos', '', '7', 'PENDING', 23);
INSERT INTO requests (id, from_date, to_date, ask_comment, answer_comment, request_type_id, status, user_id) VALUES (22, '2011-04-04', '2011-04-06', '', '', '2', 'PENDING', 24);
INSERT INTO requests (id, from_date, to_date, ask_comment, answer_comment, request_type_id, status, user_id) VALUES (23, '2011-04-05', '2011-05-12', 'Je pars en vacances.', '', '3', 'PENDING', 26);
INSERT INTO requests (id, from_date, to_date, ask_comment, answer_comment, request_type_id, status, user_id) VALUES (24, '2011-04-06', '2011-04-07', '', 'Ok', '5', 'ACCEPTED', 27);
INSERT INTO requests (id, from_date, to_date, ask_comment, answer_comment, request_type_id, status, user_id) VALUES (25, '2011-04-07', '2011-04-08', '', 'Ok', '3', 'ACCEPTED', 28);
INSERT INTO requests (id, from_date, to_date, ask_comment, answer_comment, request_type_id, status, user_id) VALUES (26, '2011-04-08', '2011-04-08', 'Petit jour de repos', 'C''est bon', '2', 'ACCEPTED', 29);
INSERT INTO requests (id, from_date, to_date, ask_comment, answer_comment, request_type_id, status, user_id) VALUES (27, '2011-05-11', '2011-05-13', '', 'Pas possible', '5', 'REFUSED', 30);
INSERT INTO requests (id, from_date, to_date, ask_comment, answer_comment, request_type_id, status, user_id) VALUES (28, '2011-05-12', '2011-05-19', 'Je pars en vacances.', '', '7', 'PENDING', 31);
INSERT INTO requests (id, from_date, to_date, ask_comment, answer_comment, request_type_id, status, user_id) VALUES (29, '2011-05-13', '2011-05-16', '', '', '7', 'PENDING', 32);
INSERT INTO requests (id, from_date, to_date, ask_comment, answer_comment, request_type_id, status, user_id) VALUES (30, '2011-05-16', '2011-05-17', '', '', '5', 'PENDING', 33);
INSERT INTO requests (id, from_date, to_date, ask_comment, answer_comment, request_type_id, status, user_id) VALUES (31, '2011-05-17', '2011-05-17', 'Petit jour de repos', '', '6', 'PENDING', 35);
INSERT INTO requests (id, from_date, to_date, ask_comment, answer_comment, request_type_id, status, user_id) VALUES (32, '2011-05-18', '2011-05-20', '', '', '4', 'PENDING', 36);
INSERT INTO requests (id, from_date, to_date, ask_comment, answer_comment, request_type_id, status, user_id) VALUES (33, '2011-05-19', '2011-06-24', 'Je pars en vacances.', 'Ok', '2', 'ACCEPTED', 37);
INSERT INTO requests (id, from_date, to_date, ask_comment, answer_comment, request_type_id, status, user_id) VALUES (34, '2011-05-20', '2011-06-21', '', 'Ok', '6', 'ACCEPTED', 38);
INSERT INTO requests (id, from_date, to_date, ask_comment, answer_comment, request_type_id, status, user_id) VALUES (35, '2011-06-21', '2011-06-22', '', 'C''est bon', '4', 'ACCEPTED', 39);
INSERT INTO requests (id, from_date, to_date, ask_comment, answer_comment, request_type_id, status, user_id) VALUES (36, '2011-06-22', '2011-06-22', 'Petit jour de repos', 'Pas possible', '5', 'REFUSED', 40);
INSERT INTO requests (id, from_date, to_date, ask_comment, answer_comment, request_type_id, status, user_id) VALUES (37, '2011-06-23', '2011-06-27', '', '', '3', 'PENDING', 41);
INSERT INTO requests (id, from_date, to_date, ask_comment, answer_comment, request_type_id, status, user_id) VALUES (38, '2011-06-24', '2011-07-01', 'Je pars en vacances.', '', '7', 'PENDING', 43);
INSERT INTO requests (id, from_date, to_date, ask_comment, answer_comment, request_type_id, status, user_id) VALUES (39, '2011-06-27', '2011-06-28', '', '', '3', 'PENDING', 44);
INSERT INTO requests (id, from_date, to_date, ask_comment, answer_comment, request_type_id, status, user_id) VALUES (40, '2011-06-28', '2011-06-29', '', '', '7', 'PENDING', 45);
INSERT INTO requests (id, from_date, to_date, ask_comment, answer_comment, request_type_id, status, user_id) VALUES (41, '2011-06-29', '2011-06-29', 'Petit jour de repos', '', '7', 'PENDING', 46);
INSERT INTO requests (id, from_date, to_date, ask_comment, answer_comment, request_type_id, status, user_id) VALUES (42, '2011-06-30', '2011-07-04', '', 'Ok', '5', 'ACCEPTED', 49);
INSERT INTO requests (id, from_date, to_date, ask_comment, answer_comment, request_type_id, status, user_id) VALUES (43, '2011-07-01', '2011-07-08', 'Je pars en vacances.', 'Ok', '1', 'ACCEPTED', 50);
INSERT INTO requests (id, from_date, to_date, ask_comment, answer_comment, request_type_id, status, user_id) VALUES (44, '2011-07-04', '2011-07-05', '', 'C''est bon', '5', 'ACCEPTED', 51);
INSERT INTO requests (id, from_date, to_date, ask_comment, answer_comment, request_type_id, status, user_id) VALUES (45, '2011-07-05', '2011-07-06', '', 'Pas possible, demande faite trop tard', '4', 'REFUSED', 52);
INSERT INTO requests (id, from_date, to_date, ask_comment, answer_comment, request_type_id, status, user_id) VALUES (46, '2011-07-06', '2011-07-06', 'Petit jour de repos', '', '7', 'PENDING', 53);
INSERT INTO requests (id, from_date, to_date, ask_comment, answer_comment, request_type_id, status, user_id) VALUES (47, '2011-07-07', '2011-08-11', '', '', '5', 'PENDING', 54);
INSERT INTO requests (id, from_date, to_date, ask_comment, answer_comment, request_type_id, status, user_id) VALUES (48, '2011-07-08', '2011-08-17', 'Je pars en vacances.', '', '3', 'PENDING', 55);
INSERT INTO requests (id, from_date, to_date, ask_comment, answer_comment, request_type_id, status, user_id) VALUES (49, '2011-08-11', '2011-08-12', '', '', '2', 'PENDING', 57);
INSERT INTO requests (id, from_date, to_date, ask_comment, answer_comment, request_type_id, status, user_id) VALUES (50, '2011-08-12', '2011-08-15', '', '', '3', 'PENDING', 58);
INSERT INTO requests (id, from_date, to_date, ask_comment, answer_comment, request_type_id, status, user_id) VALUES (51, '2011-08-15', '2011-08-15', 'Petit jour de repos', 'Ok', '6', 'ACCEPTED', 59);
INSERT INTO requests (id, from_date, to_date, ask_comment, answer_comment, request_type_id, status, user_id) VALUES (52, '2011-08-16', '2011-08-18', '', 'Ok', '1', 'ACCEPTED', 60);
INSERT INTO requests (id, from_date, to_date, ask_comment, answer_comment, request_type_id, status, user_id) VALUES (53, '2011-08-17', '2011-09-23', 'Je pars en vacances.', 'C''est bon', '3', 'ACCEPTED', 61);
INSERT INTO requests (id, from_date, to_date, ask_comment, answer_comment, request_type_id, status, user_id) VALUES (54, '2011-08-18', '2011-08-19', '', 'Pas possible, demande faite trop tard', '4', 'REFUSED', 63);
INSERT INTO requests (id, from_date, to_date, ask_comment, answer_comment, request_type_id, status, user_id) VALUES (55, '2011-08-19', '2011-09-21', '', '', '3', 'PENDING', 64);
INSERT INTO requests (id, from_date, to_date, ask_comment, answer_comment, request_type_id, status, user_id) VALUES (56, '2011-09-21', '2011-09-21', 'Petit jour de repos', '', '2', 'PENDING', 65);
INSERT INTO requests (id, from_date, to_date, ask_comment, answer_comment, request_type_id, status, user_id) VALUES (57, '2011-09-22', '2011-09-26', '', '', '2', 'PENDING', 66);
INSERT INTO requests (id, from_date, to_date, ask_comment, answer_comment, request_type_id, status, user_id) VALUES (58, '2011-09-23', '2011-09-30', 'Je pars en vacances.', '', '4', 'PENDING', 67);
INSERT INTO requests (id, from_date, to_date, ask_comment, answer_comment, request_type_id, status, user_id) VALUES (59, '2011-09-26', '2011-09-27', '', '', '1', 'PENDING', 68);
INSERT INTO requests (id, from_date, to_date, ask_comment, answer_comment, request_type_id, status, user_id) VALUES (60, '2011-09-27', '2011-09-28', '', 'Ok', '2', 'ACCEPTED', 69);
INSERT INTO requests (id, from_date, to_date, ask_comment, answer_comment, request_type_id, status, user_id) VALUES (61, '2011-09-28', '2011-09-28', 'Petit jour de repos', 'Ok', '4', 'ACCEPTED', 71);
INSERT INTO requests (id, from_date, to_date, ask_comment, answer_comment, request_type_id, status, user_id) VALUES (62, '2011-09-29', '2011-10-03', '', 'C''est bon', '1', 'ACCEPTED', 72);
INSERT INTO requests (id, from_date, to_date, ask_comment, answer_comment, request_type_id, status, user_id) VALUES (63, '2011-09-30', '2011-10-07', 'Je pars en vacances.', 'Pas possible', '4', 'REFUSED', 73);
INSERT INTO requests (id, from_date, to_date, ask_comment, answer_comment, request_type_id, status, user_id) VALUES (64, '2011-10-03', '2011-10-04', '', '', '1', 'PENDING', 74);
INSERT INTO requests (id, from_date, to_date, ask_comment, answer_comment, request_type_id, status, user_id) VALUES (65, '2011-10-04', '2011-10-05', '', '', '1', 'PENDING', 75);
INSERT INTO requests (id, from_date, to_date, ask_comment, answer_comment, request_type_id, status, user_id) VALUES (66, '2011-10-05', '2011-10-05', 'Petit jour de repos', '', '4', 'PENDING', 76);
INSERT INTO requests (id, from_date, to_date, ask_comment, answer_comment, request_type_id, status, user_id) VALUES (67, '2011-10-06', '2011-10-10', '', '', '7', 'PENDING', 77);
INSERT INTO requests (id, from_date, to_date, ask_comment, answer_comment, request_type_id, status, user_id) VALUES (68, '2011-10-07', '2011-11-16', 'Je pars en vacances.', '', '3', 'PENDING', 78);
INSERT INTO requests (id, from_date, to_date, ask_comment, answer_comment, request_type_id, status, user_id) VALUES (69, '2011-10-10', '2011-11-11', '', 'Ok', '3', 'ACCEPTED', 79);
INSERT INTO requests (id, from_date, to_date, ask_comment, answer_comment, request_type_id, status, user_id) VALUES (70, '2011-11-11', '2011-11-14', '', 'Ok', '3', 'ACCEPTED', 80);
INSERT INTO requests (id, from_date, to_date, ask_comment, answer_comment, request_type_id, status, user_id) VALUES (71, '2011-11-14', '2011-11-14', 'Petit jour de repos', 'C''est bon', '4', 'ACCEPTED', 1);
INSERT INTO requests (id, from_date, to_date, ask_comment, answer_comment, request_type_id, status, user_id) VALUES (72, '2011-11-15', '2011-11-17', '', 'Pas possible, demande faite trop tard', '7', 'REFUSED', 2);
INSERT INTO requests (id, from_date, to_date, ask_comment, answer_comment, request_type_id, status, user_id) VALUES (73, '2011-11-16', '2011-12-23', 'Je pars en vacances.', '', '3', 'PENDING', 3);
INSERT INTO requests (id, from_date, to_date, ask_comment, answer_comment, request_type_id, status, user_id) VALUES (74, '2011-11-17', '2011-11-18', '', '', '4', 'PENDING', 4);
INSERT INTO requests (id, from_date, to_date, ask_comment, answer_comment, request_type_id, status, user_id) VALUES (75, '2011-11-18', '2011-12-21', '', '', '1', 'PENDING', 5);
INSERT INTO requests (id, from_date, to_date, ask_comment, answer_comment, request_type_id, status, user_id) VALUES (76, '2011-12-21', '2011-12-21', 'Petit jour de repos', '', '4', 'PENDING', 6);
INSERT INTO requests (id, from_date, to_date, ask_comment, answer_comment, request_type_id, status, user_id) VALUES (77, '2011-12-22', '2011-12-26', '', '', '7', 'PENDING', 7);
INSERT INTO requests (id, from_date, to_date, ask_comment, answer_comment, request_type_id, status, user_id) VALUES (78, '2011-12-23', '2011-12-30', 'Je pars en vacances.', 'Ok', '1', 'ACCEPTED', 8);
INSERT INTO requests (id, from_date, to_date, ask_comment, answer_comment, request_type_id, status, user_id) VALUES (79, '2011-12-26', '2011-12-27', '', 'Ok', '4', 'ACCEPTED', 9);
INSERT INTO requests (id, from_date, to_date, ask_comment, answer_comment, request_type_id, status, user_id) VALUES (80, '2011-12-27', '2011-12-28', '', 'C''est bon', '7', 'ACCEPTED', 10);
INSERT INTO requests (id, from_date, to_date, ask_comment, answer_comment, request_type_id, status, user_id) VALUES (81, '2011-12-28', '2011-12-28', 'Petit jour de repos', 'Pas possible', '2', 'REFUSED', 11);